,request
0,"{'Method': 'GET', 'Document': '/System/deviceInfo?auth=YWRtaW46MTEK', 'Accept': 'text/plain, application/json, application/*+json, */*', 'Content-Type': 'application/xml', 'User-Agent': 'Java/14.0.2', 'Host': '47.254.151.20:8082', 'Connection': 'keep-alive'}"
1,"{'Method': 'GET', 'Document': '/System/deviceInfo?auth=YWRtaW46MTEK', 'User-Agent': 'Mozilla/5.0 (X11; Linux x86_64) AppleWebKit/537.36 (KHTML, like Gecko) Chrome/55.0.2883.87 Safari/537.36', 'Accept-Encoding': 'gzip, deflate', 'Accept': '*/*', 'Host': '47.254.151.20', 'Via': '1.1 muoxy-sfo2-prod-20230320-100300 (squid/5.2)', 'X-Forwarded-For': '127.0.0.1', 'Cache-Control': 'max-age=0', 'Connection': 'keep-alive'}"
2,"{'Method': 'GET', 'Document': '/System/configurationFile?auth=YWRtaW46MTEK', 'Host': '47.254.151.20:8070', 'User-Agent': 'python-requests/2.27.1', 'Accept-Encoding': 'gzip, deflate', 'Accept': '*/*', 'Connection': 'keep-alive'}"
3,"{'Method': 'GET', 'Document': '/System/deviceInfo?auth=YWRtaW46MTEK', 'Accept': 'text/plain, application/json, application/*+json, */*', 'Content-Type': 'application/xml', 'User-Agent': 'Java/14.0.2', 'Host': '47.254.151.20:82', 'Connection': 'keep-alive'}"
4,"{'Method': 'GET', 'Document': '/System/configurationFile?auth=YWRtaW46MTEK', 'Host': '47.254.151.20:90', 'User-Agent': 'python-requests/2.27.1', 'Accept-Encoding': 'gzip, deflate', 'Accept': '*/*', 'Connection': 'keep-alive'}"
5,"{'Method': 'GET', 'Document': '/System/configurationFile?auth=YWRtaW46MTEK', 'Host': '47.254.151.20:8090', 'User-Agent': 'python-requests/2.27.1', 'Accept-Encoding': 'gzip, deflate', 'Accept': '*/*', 'Connection': 'keep-alive'}"
6,"{'Method': 'GET', 'Document': '/System/configurationFile?auth=YWRtaW46MTEK', 'Host': '47.254.151.20:8888', 'User-Agent': 'python-requests/2.27.1', 'Accept-Encoding': 'gzip, deflate', 'Accept': '*/*', 'Connection': 'keep-alive'}"
7,"{'Method': 'GET', 'Document': '/System/configurationFile?auth=YWRtaW46MTEK', 'Host': '47.254.151.20:8010', 'User-Agent': 'python-requests/2.27.1', 'Accept-Encoding': 'gzip, deflate', 'Accept': '*/*', 'Connection': 'keep-alive'}"
8,"{'Method': 'GET', 'Document': '/System/configurationFile?auth=YWRtaW46MTEK', 'Host': '47.254.151.20:9080', 'User-Agent': 'python-requests/2.27.1', 'Accept-Encoding': 'gzip, deflate', 'Accept': '*/*', 'Connection': 'keep-alive'}"
9,"{'Method': 'GET', 'Document': '/System/configurationFile?auth=YWRtaW46MTEK', 'Host': '47.254.151.20:8086', 'User-Agent': 'python-requests/2.27.1', 'Accept-Encoding': 'gzip, deflate', 'Accept': '*/*', 'Connection': 'keep-alive'}"
10,"{'Method': 'GET', 'Document': '/System/configurationFile?auth=YWRtaW46MTEK', 'Host': '47.254.151.20:86', 'User-Agent': 'python-requests/2.27.1', 'Accept-Encoding': 'gzip, deflate', 'Accept': '*/*', 'Connection': 'keep-alive'}"
11,"{'Method': 'GET', 'Document': '/System/configurationFile?auth=YWRtaW46MTEK', 'Host': '47.254.151.20:8083', 'User-Agent': 'python-requests/2.27.1', 'Accept-Encoding': 'gzip, deflate', 'Accept': '*/*', 'Connection': 'keep-alive'}"
12,"{'Method': 'GET', 'Document': '/System/configurationFile?auth=YWRtaW46MTEK', 'Host': '47.254.151.20:8085', 'User-Agent': 'python-requests/2.27.1', 'Accept-Encoding': 'gzip, deflate', 'Accept': '*/*', 'Connection': 'keep-alive'}"
13,"{'Method': 'GET', 'Document': '/System/configurationFile?auth=YWRtaW46MTEK', 'Host': '47.254.151.20:8080', 'User-Agent': 'python-requests/2.27.1', 'Accept-Encoding': 'gzip, deflate', 'Accept': '*/*', 'Connection': 'keep-alive'}"
14,"{'Method': 'GET', 'Document': '/System/configurationFile?auth=YWRtaW46MTEK', 'Host': '47.254.151.20:80', 'User-Agent': 'python-requests/2.27.1', 'Accept-Encoding': 'gzip, deflate', 'Accept': '*/*', 'Connection': 'keep-alive'}"
15,"{'Method': 'GET', 'Document': '/System/configurationFile?auth=YWRtaW46MTEK', 'Host': '47.254.151.20:8084', 'User-Agent': 'python-requests/2.27.1', 'Accept-Encoding': 'gzip, deflate', 'Accept': '*/*', 'Connection': 'keep-alive'}"
16,"{'Method': 'GET', 'Document': '/System/configurationFile?auth=YWRtaW46MTEK', 'Host': '47.254.151.20:88', 'User-Agent': 'python-requests/2.27.1', 'Accept-Encoding': 'gzip, deflate', 'Accept': '*/*', 'Connection': 'keep-alive'}"
17,"{'Method': 'GET', 'Document': '/System/configurationFile?auth=YWRtaW46MTEK', 'Host': '47.254.151.20:83', 'User-Agent': 'python-requests/2.27.1', 'Accept-Encoding': 'gzip, deflate', 'Accept': '*/*', 'Connection': 'keep-alive'}"
18,"{'Method': 'GET', 'Document': '/System/configurationFile?auth=YWRtaW46MTEK', 'Host': '47.254.151.20:8082', 'User-Agent': 'python-requests/2.27.1', 'Accept-Encoding': 'gzip, deflate', 'Accept': '*/*', 'Connection': 'keep-alive'}"
19,"{'Method': 'GET', 'Document': '/System/configurationFile?auth=YWRtaW46MTEK', 'Host': '47.254.151.20:84', 'User-Agent': 'python-requests/2.27.1', 'Accept-Encoding': 'gzip, deflate', 'Accept': '*/*', 'Connection': 'keep-alive'}"
20,"{'Method': 'GET', 'Document': '/System/configurationFile?auth=YWRtaW46MTEK', 'Host': '47.254.151.20:8020', 'User-Agent': 'python-requests/2.27.1', 'Accept-Encoding': 'gzip, deflate', 'Accept': '*/*', 'Connection': 'keep-alive'}"
21,"{'Method': 'GET', 'Document': '/System/configurationFile?auth=YWRtaW46MTEK', 'Host': '47.254.151.20:85', 'User-Agent': 'python-requests/2.27.1', 'Accept-Encoding': 'gzip, deflate', 'Accept': '*/*', 'Connection': 'keep-alive'}"
22,"{'Method': 'GET', 'Document': '/System/configurationFile?auth=YWRtaW46MTEK', 'Host': '47.254.151.20:8081', 'User-Agent': 'python-requests/2.27.1', 'Accept-Encoding': 'gzip, deflate', 'Accept': '*/*', 'Connection': 'keep-alive'}"
23,"{'Method': 'GET', 'Document': '/System/configurationFile?auth=YWRtaW46MTEK', 'Host': '47.254.151.20:82', 'User-Agent': 'python-requests/2.27.1', 'Accept-Encoding': 'gzip, deflate', 'Accept': '*/*', 'Connection': 'keep-alive'}"
24,"{'Method': 'GET', 'Document': '/System/configurationFile?auth=YWRtaW46MTEK', 'Host': '47.254.151.20:8000', 'User-Agent': 'python-requests/2.27.1', 'Accept-Encoding': 'gzip, deflate', 'Accept': '*/*', 'Connection': 'keep-alive'}"
25,"{'Method': 'GET', 'Document': '/System/configurationFile?auth=YWRtaW46MTEK', 'Host': '47.254.151.20:8088', 'User-Agent': 'python-requests/2.27.1', 'Accept-Encoding': 'gzip, deflate', 'Accept': '*/*', 'Connection': 'keep-alive'}"
26,"{'Method': 'GET', 'Document': '/System/deviceInfo?auth=YWRtaW46MTEK', 'Accept': 'text/plain, application/json, application/*+json, */*', 'Content-Type': 'application/xml', 'User-Agent': 'Java/14.0.2', 'Host': '47.254.151.20:8000', 'Connection': 'keep-alive'}"
27,"{'Method': 'GET', 'Document': '/System/configurationFile?auth=YWRtaW46MTEK', 'Host': '47.254.19.41', 'User-Agent': 'GRequests/0.10', 'Accept-Encoding': 'gzip'}"
28,"{'Method': 'GET', 'Document': '/System/configurationFile?auth=YWRtaW46MTEK', 'Host': '47.254.19.41:8090', 'Accept': '*/*', 'Accept-Encoding': 'gzip, deflate', 'Connection': 'keep-alive', 'User-Agent': 'python-httpx/0.22.0'}"
29,"{'Method': 'GET', 'Document': '/System/configurationFile?auth=YWRtaW46MTEK', 'Host': '47.254.19.41:8008', 'Accept': '*/*', 'Accept-Encoding': 'gzip, deflate', 'Connection': 'keep-alive', 'User-Agent': 'python-httpx/0.22.0'}"
30,"{'Method': 'GET', 'Document': '/System/configurationFile?auth=YWRtaW46MTEK', 'Host': '47.254.19.41:81', 'Accept': '*/*', 'Accept-Encoding': 'gzip, deflate', 'Connection': 'keep-alive', 'User-Agent': 'python-httpx/0.22.0'}"
31,"{'Method': 'GET', 'Document': '/System/configurationFile?auth=YWRtaW46MTEK', 'Host': '47.254.19.41:9080', 'Accept': '*/*', 'Accept-Encoding': 'gzip, deflate', 'Connection': 'keep-alive', 'User-Agent': 'python-httpx/0.22.0'}"
32,"{'Method': 'GET', 'Document': '/System/configurationFile?auth=YWRtaW46MTEK', 'Host': '47.254.19.41:83', 'Accept': '*/*', 'Accept-Encoding': 'gzip, deflate', 'Connection': 'keep-alive', 'User-Agent': 'python-httpx/0.22.0'}"
33,"{'Method': 'GET', 'Document': '/System/configurationFile?auth=YWRtaW46MTEK', 'Host': '47.254.19.41:87', 'Accept': '*/*', 'Accept-Encoding': 'gzip, deflate', 'Connection': 'keep-alive', 'User-Agent': 'python-httpx/0.22.0'}"
34,"{'Method': 'GET', 'Document': '/System/configurationFile?auth=YWRtaW46MTEK', 'Host': '47.254.19.41:8010', 'Accept': '*/*', 'Accept-Encoding': 'gzip, deflate', 'Connection': 'keep-alive', 'User-Agent': 'python-httpx/0.22.0'}"
35,"{'Method': 'GET', 'Document': '/System/configurationFile?auth=YWRtaW46MTEK', 'Host': '47.254.19.41', 'Accept': '*/*', 'Accept-Encoding': 'gzip, deflate', 'Connection': 'keep-alive', 'User-Agent': 'python-httpx/0.22.0'}"
36,"{'Method': 'GET', 'Document': '/System/configurationFile?auth=YWRtaW46MTEK', 'Host': '47.254.19.41:8060', 'Accept': '*/*', 'Accept-Encoding': 'gzip, deflate', 'Connection': 'keep-alive', 'User-Agent': 'python-httpx/0.22.0'}"
37,"{'Method': 'GET', 'Document': '/System/configurationFile?auth=YWRtaW46MTEK', 'Host': '47.254.19.41:8086', 'Accept': '*/*', 'Accept-Encoding': 'gzip, deflate', 'Connection': 'keep-alive', 'User-Agent': 'python-httpx/0.22.0'}"
38,"{'Method': 'GET', 'Document': '/System/configurationFile?auth=YWRtaW46MTEK', 'Host': '47.254.19.41:82', 'Accept': '*/*', 'Accept-Encoding': 'gzip, deflate', 'Connection': 'keep-alive', 'User-Agent': 'python-httpx/0.22.0'}"
39,"{'Method': 'GET', 'Document': '/System/configurationFile?auth=YWRtaW46MTEK', 'Host': '47.254.19.41:8080', 'Accept': '*/*', 'Accept-Encoding': 'gzip, deflate', 'Connection': 'keep-alive', 'User-Agent': 'python-httpx/0.22.0'}"
40,"{'Method': 'GET', 'Document': '/System/configurationFile?auth=YWRtaW46MTEK', 'Host': '47.254.19.41:84', 'Accept': '*/*', 'Accept-Encoding': 'gzip, deflate', 'Connection': 'keep-alive', 'User-Agent': 'python-httpx/0.22.0'}"
41,"{'Method': 'GET', 'Document': '/System/configurationFile?auth=YWRtaW46MTEK', 'Host': '47.254.19.41:88', 'Accept': '*/*', 'Accept-Encoding': 'gzip, deflate', 'Connection': 'keep-alive', 'User-Agent': 'python-httpx/0.22.0'}"
42,"{'Method': 'GET', 'Document': '/System/configurationFile?auth=YWRtaW46MTEK', 'Host': '47.254.19.41:9000', 'Accept': '*/*', 'Accept-Encoding': 'gzip, deflate', 'Connection': 'keep-alive', 'User-Agent': 'python-httpx/0.22.0'}"
43,"{'Method': 'GET', 'Document': '/System/configurationFile?auth=YWRtaW46MTEK', 'Host': '47.254.19.41:8081', 'Accept': '*/*', 'Accept-Encoding': 'gzip, deflate', 'Connection': 'keep-alive', 'User-Agent': 'python-httpx/0.22.0'}"
44,"{'Method': 'GET', 'Document': '/System/configurationFile?auth=YWRtaW46MTEK', 'Host': '47.254.19.41:8000', 'Accept': '*/*', 'Accept-Encoding': 'gzip, deflate', 'Connection': 'keep-alive', 'User-Agent': 'python-httpx/0.22.0'}"
45,"{'Method': 'GET', 'Document': '/System/deviceInfo?auth=YWRtaW46MTEK', 'Accept': 'text/plain, application/json, application/*+json, */*', 'Content-Type': 'application/xml', 'User-Agent': 'Java/14.0.2', 'Host': '47.254.19.41:8050', 'Connection': 'keep-alive'}"
46,"{'Method': 'GET', 'Document': '/System/configurationFile?auth=YWRtaW46MTEK', 'Host': '47.254.19.41:8010', 'User-Agent': 'Mozilla/5.0 (Windows NT 10.0) AppleWebKit/537.36 (KHTML, like Gecko) Chrome/102.0.5005.63 Safari/537.36', 'Accept-Encoding': 'gzip'}"
47,"{'Method': 'GET', 'Document': '/System/configurationFile?auth=YWRtaW46MTEK', 'Host': '47.254.19.41:9080', 'User-Agent': 'Mozilla/5.0 (Windows NT 10.0) AppleWebKit/537.36 (KHTML, like Gecko) Chrome/102.0.5005.63 Safari/537.36', 'Accept-Encoding': 'gzip'}"
48,"{'Method': 'GET', 'Document': '/System/configurationFile?auth=YWRtaW46MTEK', 'Host': '47.254.19.41:84', 'User-Agent': 'Mozilla/5.0 (Windows NT 10.0) AppleWebKit/537.36 (KHTML, like Gecko) Chrome/102.0.5005.63 Safari/537.36', 'Accept-Encoding': 'gzip'}"
49,"{'Method': 'GET', 'Document': '/System/configurationFile?auth=YWRtaW46MTEK', 'Host': '47.254.19.41', 'User-Agent': 'Mozilla/5.0 (Windows NT 10.0) AppleWebKit/537.36 (KHTML, like Gecko) Chrome/102.0.5005.63 Safari/537.36', 'Accept-Encoding': 'gzip'}"
50,"{'Method': 'GET', 'Document': '/System/configurationFile?auth=YWRtaW46MTEK', 'Host': '47.254.19.41:8087', 'User-Agent': 'Mozilla/5.0 (Windows NT 10.0) AppleWebKit/537.36 (KHTML, like Gecko) Chrome/102.0.5005.63 Safari/537.36', 'Accept-Encoding': 'gzip'}"
51,"{'Method': 'GET', 'Document': '/System/configurationFile?auth=YWRtaW46MTEK', 'Host': '47.254.19.41:8009', 'User-Agent': 'Mozilla/5.0 (Windows NT 10.0) AppleWebKit/537.36 (KHTML, like Gecko) Chrome/102.0.5005.63 Safari/537.36', 'Accept-Encoding': 'gzip'}"
52,"{'Method': 'GET', 'Document': '/System/configurationFile?auth=YWRtaW46MTEK', 'Host': '47.254.19.41:8086', 'User-Agent': 'Mozilla/5.0 (Windows NT 10.0) AppleWebKit/537.36 (KHTML, like Gecko) Chrome/102.0.5005.63 Safari/537.36', 'Accept-Encoding': 'gzip'}"
53,"{'Method': 'GET', 'Document': '/System/configurationFile?auth=YWRtaW46MTEK', 'Host': '47.254.19.41:8080', 'User-Agent': 'Mozilla/5.0 (Windows NT 10.0) AppleWebKit/537.36 (KHTML, like Gecko) Chrome/102.0.5005.63 Safari/537.36', 'Accept-Encoding': 'gzip'}"
54,"{'Method': 'GET', 'Document': '/System/configurationFile?auth=YWRtaW46MTEK', 'Host': '47.254.19.41:8888', 'User-Agent': 'Mozilla/5.0 (Windows NT 10.0) AppleWebKit/537.36 (KHTML, like Gecko) Chrome/102.0.5005.63 Safari/537.36', 'Accept-Encoding': 'gzip'}"
55,"{'Method': 'GET', 'Document': '/System/configurationFile?auth=YWRtaW46MTEK', 'Host': '47.254.19.41:82', 'User-Agent': 'Mozilla/5.0 (Windows NT 10.0) AppleWebKit/537.36 (KHTML, like Gecko) Chrome/102.0.5005.63 Safari/537.36', 'Accept-Encoding': 'gzip'}"
56,"{'Method': 'GET', 'Document': '/System/configurationFile?auth=YWRtaW46MTEK', 'Host': '47.254.19.41:8090', 'User-Agent': 'Mozilla/5.0 (Windows NT 10.0) AppleWebKit/537.36 (KHTML, like Gecko) Chrome/102.0.5005.63 Safari/537.36', 'Accept-Encoding': 'gzip'}"
57,"{'Method': 'GET', 'Document': '/System/configurationFile?auth=YWRtaW46MTEK', 'Host': '47.254.19.41:8085', 'User-Agent': 'Mozilla/5.0 (Windows NT 10.0) AppleWebKit/537.36 (KHTML, like Gecko) Chrome/102.0.5005.63 Safari/537.36', 'Accept-Encoding': 'gzip'}"
58,"{'Method': 'GET', 'Document': '/System/configurationFile?auth=YWRtaW46MTEK', 'Host': '47.254.19.41:8020', 'User-Agent': 'Mozilla/5.0 (Windows NT 10.0) AppleWebKit/537.36 (KHTML, like Gecko) Chrome/102.0.5005.63 Safari/537.36', 'Accept-Encoding': 'gzip'}"
59,"{'Method': 'GET', 'Document': '/System/configurationFile?auth=YWRtaW46MTEK', 'User-Agent': 'python-requests/2.27.1', 'Accept-Encoding': 'gzip, deflate', 'Accept': '*/*', 'Connection': 'keep-alive', 'Host': '47.254.19.41:80', 'X-Requested-With': 'XMLHttpRequest', 'Content-Type': 'application/x-www-form-urlencoded; charset=UTF-8', 'Accept-Language': 'en-US,en;q=0.9,sv;q=0.8'}"
60,"{'Method': 'GET', 'Document': '/System/configurationFile?auth=YWRtaW46MTEK', 'Host': '47.254.19.41:8040', 'User-Agent': 'Mozilla/5.0 (Windows NT 10.0) AppleWebKit/537.36 (KHTML, like Gecko) Chrome/102.0.5005.63 Safari/537.36', 'Accept-Encoding': 'gzip'}"
61,"{'Method': 'GET', 'Document': '/System/configurationFile?auth=YWRtaW46MTEK', 'Host': '47.254.19.41:88', 'User-Agent': 'python-requests/2.23.0', 'Accept-Encoding': 'gzip, deflate', 'Accept': '*/*', 'Connection': 'keep-alive'}"
62,"{'Method': 'GET', 'Document': '/System/configurationFile?auth=YWRtaW46MTEK', 'Host': '47.254.19.41:8085', 'User-Agent': 'python-requests/2.23.0', 'Accept-Encoding': 'gzip, deflate', 'Accept': '*/*', 'Connection': 'keep-alive'}"
63,"{'Method': 'GET', 'Document': '/System/configurationFile?auth=YWRtaW46MTEK', 'Host': '47.254.19.41:8081', 'User-Agent': 'python-requests/2.23.0', 'Accept-Encoding': 'gzip, deflate', 'Accept': '*/*', 'Connection': 'keep-alive'}"
64,"{'Method': 'GET', 'Document': '/System/configurationFile?auth=YWRtaW46MTEK', 'Host': '47.254.19.41:8000', 'User-Agent': 'python-requests/2.23.0', 'Accept-Encoding': 'gzip, deflate', 'Accept': '*/*', 'Connection': 'keep-alive'}"
65,"{'Method': 'GET', 'Document': '/System/configurationFile?auth=YWRtaW46MTEK', 'Host': '47.254.19.41:8080', 'User-Agent': 'python-requests/2.23.0', 'Accept-Encoding': 'gzip, deflate', 'Accept': '*/*', 'Connection': 'keep-alive'}"
66,"{'Method': 'GET', 'Document': '/System/deviceInfo?auth=YWRtaW46MTEK', 'Accept': 'text/plain, application/json, application/*+json, */*', 'Content-Type': 'application/xml', 'User-Agent': 'Java/14.0.2', 'Host': '47.254.19.41:9080', 'Connection': 'keep-alive'}"
67,"{'Method': 'GET', 'Document': '/System/configurationFile?auth=YWRtaW46MTEK', 'Accept': '*/*', 'Accept-Encoding': 'gzip', 'User-Agent': 'Xenu Link Sleuth/1.3.9 beta', 'Host': '47.254.19.41:9000', 'Cache-Control': 'no-cache'}"
68,"{'Method': 'GET', 'Document': '/System/configurationFile?auth=YWRtaW46MTEK', 'Accept': '*/*', 'Accept-Encoding': 'gzip', 'User-Agent': 'Xenu Link Sleuth/1.3.9 beta', 'Host': '47.254.19.41:9080', 'Cache-Control': 'no-cache'}"
69,"{'Method': 'GET', 'Document': '/System/configurationFile?auth=YWRtaW46MTEK', 'Accept': '*/*', 'Accept-Encoding': 'gzip', 'User-Agent': 'Xenu Link Sleuth/1.3.9 beta', 'Host': '47.254.19.41:8888', 'Cache-Control': 'no-cache'}"
70,"{'Method': 'GET', 'Document': '/System/configurationFile?auth=YWRtaW46MTEK', 'Accept': '*/*', 'Accept-Encoding': 'gzip', 'User-Agent': 'Xenu Link Sleuth/1.3.9 beta', 'Host': '47.254.19.41:8090', 'Cache-Control': 'no-cache'}"
71,"{'Method': 'GET', 'Document': '/System/configurationFile?auth=YWRtaW46MTEK', 'Accept': '*/*', 'Accept-Encoding': 'gzip', 'User-Agent': 'Xenu Link Sleuth/1.3.9 beta', 'Host': '47.254.19.41:82', 'Cache-Control': 'no-cache'}"
72,"{'Method': 'GET', 'Document': '/System/configurationFile?auth=YWRtaW46MTEK', 'Accept': '*/*', 'Accept-Encoding': 'gzip', 'User-Agent': 'Xenu Link Sleuth/1.3.9 beta', 'Host': '47.254.19.41:88', 'Cache-Control': 'no-cache'}"
73,"{'Method': 'GET', 'Document': '/System/configurationFile?auth=YWRtaW46MTEK', 'Accept': '*/*', 'Accept-Encoding': 'gzip', 'User-Agent': 'Xenu Link Sleuth/1.3.9 beta', 'Host': '47.254.19.41:85', 'Cache-Control': 'no-cache'}"
74,"{'Method': 'GET', 'Document': '/System/configurationFile?auth=YWRtaW46MTEK', 'Accept': '*/*', 'Accept-Encoding': 'gzip', 'User-Agent': 'Xenu Link Sleuth/1.3.9 beta', 'Host': '47.254.19.41:8080', 'Cache-Control': 'no-cache'}"
75,"{'Method': 'GET', 'Document': '/System/configurationFile?auth=YWRtaW46MTEK', 'Accept': '*/*', 'Accept-Encoding': 'gzip', 'User-Agent': 'Xenu Link Sleuth/1.3.9 beta', 'Host': '47.254.19.41:8087', 'Cache-Control': 'no-cache'}"
76,"{'Method': 'GET', 'Document': '/System/configurationFile?auth=YWRtaW46MTEK', 'Accept': '*/*', 'Accept-Encoding': 'gzip', 'User-Agent': 'Xenu Link Sleuth/1.3.9 beta', 'Host': '47.254.19.41:8083', 'Cache-Control': 'no-cache'}"
77,"{'Method': 'GET', 'Document': '/System/configurationFile?auth=YWRtaW46MTEK', 'Accept': '*/*', 'Accept-Encoding': 'gzip', 'User-Agent': 'Xenu Link Sleuth/1.3.9 beta', 'Host': '47.254.19.41:8081', 'Cache-Control': 'no-cache'}"
78,"{'Method': 'GET', 'Document': '/System/configurationFile?auth=YWRtaW46MTEK', 'Accept': '*/*', 'Accept-Encoding': 'gzip', 'User-Agent': 'Xenu Link Sleuth/1.3.9 beta', 'Host': '47.254.19.41:8008', 'Cache-Control': 'no-cache'}"
79,"{'Method': 'GET', 'Document': '/System/configurationFile?auth=YWRtaW46MTEK', 'Accept': '*/*', 'Accept-Encoding': 'gzip', 'User-Agent': 'Xenu Link Sleuth/1.3.9 beta', 'Host': '47.254.19.41:8009', 'Cache-Control': 'no-cache'}"
80,"{'Method': 'GET', 'Document': '/System/configurationFile?auth=YWRtaW46MTEK', 'Accept': '*/*', 'Accept-Encoding': 'gzip', 'User-Agent': 'Xenu Link Sleuth/1.3.9 beta', 'Host': '47.254.19.41:8010', 'Cache-Control': 'no-cache'}"
81,"{'Method': 'GET', 'Document': '/System/configurationFile?auth=YWRtaW46MTEK', 'Accept': '*/*', 'Accept-Encoding': 'gzip', 'User-Agent': 'Xenu Link Sleuth/1.3.9 beta', 'Host': '47.254.19.41:8060', 'Cache-Control': 'no-cache'}"
82,"{'Method': 'GET', 'Document': '/System/configurationFile?auth=YWRtaW46MTEK', 'Accept': '*/*', 'Accept-Encoding': 'gzip', 'User-Agent': 'Xenu Link Sleuth/1.3.9 beta', 'Host': '47.254.19.41', 'Cache-Control': 'no-cache'}"
83,"{'Method': 'GET', 'Document': '/System/configurationFile?auth=YWRtaW46MTEK', 'Accept': '*/*', 'Accept-Encoding': 'gzip', 'User-Agent': 'Xenu Link Sleuth/1.3.9 beta', 'Host': '47.254.19.41:8000', 'Cache-Control': 'no-cache'}"
84,"{'Method': 'GET', 'Document': '/System/configurationFile?auth=YWRtaW46MTEK', 'Host': '47.254.19.41:8081', 'Connection': 'Keep-Alive'}"
85,"{'Method': 'GET', 'Document': '/System/configurationFile?auth=YWRtaW46MTEK', 'Host': '47.254.19.41:83', 'User-Agent': 'error'}"
86,"{'Method': 'GET', 'Document': '/System/configurationFile?auth=YWRtaW46MTEK'}"
87,"{'Method': 'GET', 'Document': '/System/configurationFile?auth=YWRtaW46MTEK', 'Host': '47.254.19.41:84', 'User-Agent': 'python-requests/2.27.1', 'Accept-Encoding': 'gzip, deflate, br', 'Accept': '*/*', 'Connection': 'keep-alive'}"
88,"{'Method': 'GET', 'Document': '/System/configurationFile?auth=YWRtaW46MTEK', 'Host': '47.254.19.41:8009', 'User-Agent': 'python-requests/2.27.1', 'Accept-Encoding': 'gzip, deflate, br', 'Accept': '*/*', 'Connection': 'keep-alive'}"
89,"{'Method': 'GET', 'Document': '/System/configurationFile?auth=YWRtaW46MTEK', 'Host': '47.254.19.41:8080', 'User-Agent': 'python-requests/2.27.1', 'Accept-Encoding': 'gzip, deflate, br', 'Accept': '*/*', 'Connection': 'keep-alive'}"
90,"{'Method': 'GET', 'Document': '/System/configurationFile?auth=YWRtaW46MTEK', 'Host': '47.254.19.41:88', 'User-Agent': 'python-requests/2.27.1', 'Accept-Encoding': 'gzip, deflate, br', 'Accept': '*/*', 'Connection': 'keep-alive'}"
91,"{'Method': 'GET', 'Document': '/System/configurationFile?auth=YWRtaW46MTEK', 'Host': '47.254.19.41:82', 'User-Agent': 'python-requests/2.27.1', 'Accept-Encoding': 'gzip, deflate, br', 'Accept': '*/*', 'Connection': 'keep-alive'}"
92,"{'Method': 'GET', 'Document': '/System/configurationFile?auth=YWRtaW46MTEK', 'Host': '47.254.19.41:9000', 'User-Agent': 'python-requests/2.27.1', 'Accept-Encoding': 'gzip, deflate, br', 'Accept': '*/*', 'Connection': 'keep-alive'}"
93,"{'Method': 'GET', 'Document': '/System/configurationFile?auth=YWRtaW46MTEK', 'Host': '47.254.19.41:8085', 'User-Agent': 'python-requests/2.27.1', 'Accept-Encoding': 'gzip, deflate, br', 'Accept': '*/*', 'Connection': 'keep-alive'}"
94,"{'Method': 'GET', 'Document': '/System/configurationFile?auth=YWRtaW46MTEK', 'Host': '47.254.19.41:9080', 'User-Agent': 'error'}"
95,"{'Method': 'GET', 'Document': '/System/configurationFile?auth=YWRtaW46MTEK', 'Host': '47.254.19.41', 'User-Agent': 'python-requests/2.27.1', 'Accept-Encoding': 'gzip, deflate, br', 'Accept': '*/*', 'Connection': 'keep-alive'}"
96,"{'Method': 'GET', 'Document': '/System/configurationFile?auth=YWRtaW46MTEK', 'Host': 'error'}"
97,"{'Method': 'GET', 'Document': '/System/deviceInfo?auth=YWRtaW46MTEK', 'Accept': 'text/plain, application/json, application/*+json, */*', 'Content-Type': 'application/xml', 'User-Agent': 'Java/14.0.2', 'Host': '118.31.48.120:9000', 'Connection': 'keep-alive'}"
98,"{'Method': 'GET', 'Document': '/System/deviceInfo?auth=YWRtaW46MTEK', 'Accept': 'text/plain, application/json, application/*+json, */*', 'Content-Type': 'application/xml', 'User-Agent': 'Java/14.0.2', 'Host': '47.254.19.41:84', 'Connection': 'keep-alive'}"
99,"{'Method': 'GET', 'Document': '/System/deviceInfo?auth=YWRtaW46MTEK', 'Accept': 'text/plain, application/json, application/*+json, */*', 'Content-Type': 'application/xml', 'User-Agent': 'Java/14.0.2', 'Host': '47.254.151.20:9080', 'Connection': 'keep-alive'}"
100,"{'Method': 'GET', 'Document': '/System/deviceInfo?auth=YWRtaW46MTEK', 'Accept': 'text/plain, application/json, application/*+json, */*', 'Content-Type': 'application/xml', 'User-Agent': 'Java/14.0.2', 'Host': '47.254.151.20:8060', 'Connection': 'keep-alive'}"
101,"{'Method': 'GET', 'Document': '/System/deviceInfo?auth=YWRtaW46MTEK', 'Accept': 'text/plain, application/json, application/*+json, */*', 'Content-Type': 'application/xml', 'User-Agent': 'Java/14.0.2', 'Host': '118.31.48.120:8082', 'Connection': 'keep-alive'}"
102,"{'Method': 'GET', 'Document': '/System/deviceInfo?auth=YWRtaW46MTEK', 'Accept': 'text/plain, application/json, application/*+json, */*', 'Content-Type': 'application/xml', 'User-Agent': 'Java/14.0.2', 'Host': '118.31.48.120:84', 'Connection': 'keep-alive'}"
103,"{'Method': 'GET', 'Document': '/System/deviceInfo?auth=YWRtaW46MTEK', 'Accept': 'text/plain, application/json, application/*+json, */*', 'Content-Type': 'application/xml', 'User-Agent': 'Java/14.0.2', 'Host': '47.254.151.20:8084', 'Connection': 'keep-alive'}"
104,"{'Method': 'GET', 'Document': '/System/deviceInfo?auth=YWRtaW46MTEK', 'Accept': 'text/plain, application/json, application/*+json, */*', 'Content-Type': 'application/xml', 'User-Agent': 'Java/14.0.2', 'Host': '118.31.48.120', 'Connection': 'keep-alive'}"
105,"{'Method': 'GET', 'Document': '/System/configurationFile?auth=YWRtaW46MTEK', 'Host': '118.31.48.120:89', 'User-Agent': 'python-requests/2.23.0', 'Accept-Encoding': 'gzip, deflate', 'Accept': '*/*', 'Connection': 'keep-alive'}"
